{"n_estimators": 5000, "objective": "binary", "metric": "None", "verbosity": -1, "random_state": 42, "scale_pos_weight": 23.05933202357564, "max_bin": 255, "n_jobs": -1, "num_leaves": 10, "min_data_in_leaf": 7312, "learning_rate": 0.021878296582168576, "lambda_l1": 0.01535514916101318, "lambda_l2": 0.02900350622791369, "feature_fraction": 0.5013383639953733, "bagging_fraction": 0.9146927320447162, "bagging_freq": 9}