{"n_estimators": 5000, "objective": "binary", "metric": "None", "verbosity": -1, "random_state": 42, "scale_pos_weight": 26.18463268809566, "max_bin": 255, "n_jobs": -1, "num_leaves": 10, "min_data_in_leaf": 7949, "learning_rate": 0.013889339482860408, "lambda_l1": 0.5315346699949964, "lambda_l2": 0.05042075788310494, "feature_fraction": 0.5882310878852992, "bagging_fraction": 0.9626546017664065, "bagging_freq": 0}