{"n_estimators": 5000, "objective": "binary", "metric": "None", "verbosity": -1, "random_state": 42, "scale_pos_weight": 44.6943661971831, "max_bin": 255, "n_jobs": -1, "num_leaves": 2, "min_data_in_leaf": 7995, "learning_rate": 0.03126342116408325, "lambda_l1": 0.13394719779027894, "lambda_l2": 0.001077801839003218, "feature_fraction": 0.9823694377822842, "bagging_fraction": 0.8021332059799108, "bagging_freq": 0}