{"n_estimators": 5000, "objective": "binary", "metric": "None", "verbosity": -1, "random_state": 42, "scale_pos_weight": 34.982171046522424, "max_bin": 255, "n_jobs": -1, "num_leaves": 2, "min_data_in_leaf": 2693, "learning_rate": 0.07280953268531518, "lambda_l1": 0.07643392872814397, "lambda_l2": 0.0721922745402016, "feature_fraction": 0.39110229528970847, "bagging_fraction": 0.9975179542443045, "bagging_freq": 3}